scan_number,nor_ratio_Cys+0,nor_ratio_Cys+1,nor_ratio_Cys+2,nor_ratio_Cys+3,intensity_Cys+0,intensity_Cys+1,intensity_Cys+2,intensity_Cys+3,total_intensity,counted_frag_ions,peptide,protein
10207,0.78,1.03,1.45,0.74,35464.3,46559.2,65348.8,33449.0,180821.3,"['b1', 'b2', 'y2']",VPQVSTPTLVEVSRSLGK,P02769
10313,0.93,1.31,0.85,0.91,52021.8,72709.0,47201.8,50924.1,222856.7,"['b1', 'b2', 'y2']",VPQVSTPTLVEVSRSLGK,P02769
10078,0.97,1.16,1.06,0.81,100126.5,119903.2,109042.1,84097.6,413169.4,"['b1', 'b2', 'y2']",VPQVSTPTLVEVSRSLGK,P02769
9929,0.85,1.14,1.19,0.83,24002.5,32205.0,33748.2,23387.2,113342.9,"['b1', 'b2', 'y2']",VPQVSTPTLVEVSRSLGK,P02769
9814,0.35,0.86,2.4,0.4,2726.1,6707.2,18804.6,3135.6,31373.499999999996,"['b1', 'b2', 'y2']",VPQVSTPTLVEVSRSLGK,P02769
10050,1.07,1.04,1.11,0.78,36005.2,35076.5,37382.1,26344.3,134808.09999999998,"['b1', 'b2', 'y2']",VPQVSTPTLVEVSRSLGK,P02769
10182,0.86,1.09,1.26,0.8,23815.8,30251.8,35012.2,22151.8,111231.59999999999,"['b1', 'b2', 'y2']",VPQVSTPTLVEVSRSLGK,P02769
10783,1.28,1.19,0.73,0.81,273219.6,254258.7,154898.3,171964.3,854340.9000000001,"['b1', 'b2', 'y2']",VPQVSTPTLVEVSRSLGK,P02769
10289,1.03,1.08,1.0,0.88,136550.1,142256.3,132561.3,116630.4,527998.1,"['b1', 'b2', 'y2']",VPQVSTPTLVEVSRSLGK,P02769
10399,0.0,2.59,1.41,0.0,0.0,4328.3,2361.8,0.0,6690.1,"['b1', 'b2', 'y2']",VPQVSTPTLVEVSRSLGK,P02769
10752,1.15,1.12,0.92,0.81,137136.9,132942.7,108748.9,96503.6,475332.1,"['b1', 'b2', 'y2']",VPQVSTPTLVEVSRSLGK,P02769
10848,1.49,1.09,0.79,0.63,28291.3,20817.8,15121.9,11942.4,76173.4,"['b1', 'b2', 'y2']",VPQVSTPTLVEVSRSLGK,P02769
10885,1.3,1.36,1.33,0.0,3711.4,3884.2,3803.2,0.0,11398.8,"['b1', 'b2', 'y2']",VPQVSTPTLVEVSRSLGK,P02769
13894,0.39,1.31,1.0,1.31,4410.5,14900.8,11348.6,14873.8,45533.7,"['b1', 'b2', 'y2']",QTALVELLK,P02769
13526,0.37,0.43,1.96,1.24,3220.5,3716.0,16961.8,10702.2,34600.5,"['b1', 'b2', 'b3', 'b4', 'b5', 'b6', 'b7', 'b8', 'y2', 'y3', 'y4', 'y5', 'y6', 'y7', 'y8']",QTALVELLK,P02769
14003,0.86,0.94,0.85,1.35,60107.1,66215.2,59716.9,94421.7,280460.89999999997,"['b1', 'b2', 'b3', 'b4', 'b5', 'b6', 'b7', 'b8', 'y2', 'y3', 'y4', 'y5', 'y6', 'y7', 'y8']",QTALVELLK,P02769
13937,0.88,0.94,0.8,1.38,299594.7,321421.8,270568.4,469491.9,1361076.8,"['b1', 'b2', 'b3', 'b4', 'b5', 'b6', 'b7', 'b8', 'y2', 'y3', 'y4', 'y5', 'y6', 'y7', 'y8']",QTALVELLK,P02769
13869,0.91,0.97,0.74,1.38,1617516.1,1710188.9,1309300.5,2448959.6,7085965.1,"['b1', 'b2', 'b3', 'b4', 'b5', 'b6', 'b7', 'b8', 'y2', 'y3', 'y4', 'y5', 'y6', 'y7', 'y8']",QTALVELLK,P02769
6013,0.78,0.84,1.25,1.14,115872.3,124693.1,185870.0,170535.3,596970.7,"['b1', 'b2', 'b3', 'b4', 'b5', 'b6', 'b7', 'y2', 'y3', 'y4', 'y5', 'y6', 'y7', 'y4_2charge', 'y5_2charge', 'y6_2charge', 'y7_2charge']",SEIAHRFK,P02769
6153,0.67,0.89,1.35,1.1,2524740.8,3350597.1,5089866.6,4165686.7,15130891.2,"['b1', 'b2', 'b3', 'b4', 'b5', 'b6', 'b7', 'y2', 'y3', 'y4', 'y5', 'y6', 'y7', 'y4_2charge', 'y5_2charge', 'y6_2charge', 'y7_2charge']",SEIAHRFK,P02769
6302,1.05,1.07,0.91,0.97,18714862.9,19214414.5,16315675.0,17290389.4,71535341.8,"['b1', 'b2', 'b3', 'b4', 'b5', 'b6', 'b7', 'y2', 'y3', 'y4', 'y5', 'y6', 'y7', 'y4_2charge', 'y5_2charge', 'y6_2charge', 'y7_2charge']",SEIAHRFK,P02769
6976,1.04,1.06,0.91,0.99,89637.2,92037.8,78490.5,85802.4,345967.9,"['b1', 'b2', 'b3', 'b4', 'b5', 'b6', 'b7', 'y2', 'y3', 'y4', 'y5', 'y6', 'y7', 'y4_2charge', 'y5_2charge', 'y6_2charge', 'y7_2charge']",SEIAHRFK,P02769
6837,1.06,1.13,0.9,0.9,1627526.6,1734630.0,1372834.2,1382953.0,6117943.8,"['b1', 'b2', 'b3', 'b4', 'b5', 'b6', 'b7', 'y2', 'y3', 'y4', 'y5', 'y6', 'y7', 'y4_2charge', 'y5_2charge', 'y6_2charge', 'y7_2charge']",SEIAHRFK,P02769
6442,1.03,1.02,0.96,0.98,6786562.9,6725740.3,6344137.0,6480702.6,26337142.799999997,"['b1', 'b2', 'b3', 'b4', 'b5', 'b6', 'b7', 'y2', 'y3', 'y4', 'y5', 'y6', 'y7', 'y4_2charge', 'y5_2charge', 'y6_2charge', 'y7_2charge']",SEIAHRFK,P02769
6696,0.96,0.97,1.04,1.03,234631.5,237421.6,253047.6,251116.0,976216.7,"['b1', 'b2', 'b3', 'b4', 'b5', 'b6', 'b7', 'y2', 'y3', 'y4', 'y5', 'y6', 'y7', 'y4_2charge', 'y5_2charge', 'y6_2charge', 'y7_2charge']",SEIAHRFK,P02769
5876,0.64,1.14,1.5,0.73,9557.3,17132.6,22541.2,10906.0,60137.1,"['b1', 'b2', 'b3', 'b4', 'b5', 'b6', 'b7', 'y2', 'y3', 'y4', 'y5', 'y6', 'y7', 'y4_2charge', 'y5_2charge', 'y6_2charge', 'y7_2charge']",SEIAHRFK,P02769
6563,0.99,1.0,1.02,0.98,618966.3,623450.6,638752.2,614468.3,2495637.4,"['b1', 'b2', 'b3', 'b4', 'b5', 'b6', 'b7', 'y2', 'y3', 'y4', 'y5', 'y6', 'y7', 'y4_2charge', 'y5_2charge', 'y6_2charge', 'y7_2charge']",SEIAHRFK,P02769
7110,1.25,1.06,0.87,0.82,53692.6,45405.2,37569.2,35310.1,171977.1,"['b1', 'b2', 'b3', 'b4', 'b5', 'b6', 'b7', 'y2', 'y3', 'y4', 'y5', 'y6', 'y7', 'y4_2charge', 'y5_2charge', 'y6_2charge', 'y7_2charge']",SEIAHRFK,P02769
7833,0.66,1.01,1.44,0.89,3828.7,5826.1,8355.8,5137.7,23148.3,"['b1', 'b2', 'b3', 'b4', 'b5', 'b6', 'b7', 'y2', 'y3', 'y4', 'y5', 'y6', 'y7', 'y4_2charge', 'y5_2charge', 'y6_2charge', 'y7_2charge']",SEIAHRFK,P02769
7507,1.33,0.81,0.96,0.89,14671.9,8948.4,10560.9,9836.9,44018.1,"['b1', 'b2', 'b3', 'b4', 'b5', 'b6', 'b7', 'y2', 'y3', 'y4', 'y5', 'y6', 'y7', 'y4_2charge', 'y5_2charge', 'y6_2charge', 'y7_2charge']",SEIAHRFK,P02769
7654,1.03,1.29,0.48,1.2,9225.8,11623.6,4299.4,10781.9,35930.700000000004,"['b1', 'b2', 'b3', 'b4', 'b5', 'b6', 'b7', 'y2', 'y3', 'y4', 'y5', 'y6', 'y7', 'y4_2charge', 'y5_2charge', 'y6_2charge', 'y7_2charge']",SEIAHRFK,P02769
9417,0.99,1.23,0.9,0.88,11887361.6,14717445.7,10762585.7,10511647.7,47879040.7,"['b1', 'b2', 'b3', 'b4', 'b5', 'b6', 'b7', 'b8', 'b9', 'b10', 'y2', 'y3', 'y4', 'y5', 'y6', 'y7', 'y8', 'y9', 'y10']",HLVDEPQNLIK,P02769
9424,0.94,1.02,1.11,0.93,69198.6,75236.6,81241.9,68176.9,293854.0,"['b1', 'b2', 'b3', 'b4', 'b5', 'b6', 'b7', 'b8', 'b9', 'b10', 'y2', 'y3', 'y4', 'y5', 'y6', 'y7', 'y8', 'y9', 'y10']",HLVDEPQNLIK,P02769
9295,0.67,1.01,1.18,1.14,13841.3,20797.1,24251.2,23380.1,82269.69999999998,"['b1', 'b2', 'y2']",HLVDEPQNLIK,P02769
9032,0.67,0.96,1.42,0.95,63095.5,90896.4,134233.5,89854.2,378079.60000000003,"['b1', 'b2', 'b3', 'b4', 'b5', 'b6', 'b7', 'b8', 'b9', 'b10', 'y2', 'y3', 'y4', 'y5', 'y6', 'y7', 'y8', 'y9', 'y10']",HLVDEPQNLIK,P02769
9154,0.63,0.99,1.27,1.1,127395.2,199587.6,255266.4,221877.8,804127.0,"['b1', 'b2', 'b3', 'b4', 'b5', 'b6', 'b7', 'b8', 'b9', 'b10', 'y2', 'y3', 'y4', 'y5', 'y6', 'y7', 'y8', 'y9', 'y10']",HLVDEPQNLIK,P02769
9284,0.84,1.03,1.16,0.97,494707.6,606769.0,680610.3,569577.0,2351663.9000000004,"['b1', 'b2', 'b3', 'b4', 'b5', 'b6', 'b7', 'b8', 'b9', 'b10', 'y2', 'y3', 'y4', 'y5', 'y6', 'y7', 'y8', 'y9', 'y10']",HLVDEPQNLIK,P02769
9163,0.0,0.88,1.94,1.18,0.0,5549.9,12293.4,7470.6,25313.9,"['b1', 'b2', 'b3', 'b4', 'b5', 'b6', 'b7', 'b8', 'b9', 'b10', 'y2', 'y3', 'y4', 'y5', 'y6', 'y7', 'y8', 'y9', 'y10']",HLVDEPQNLIK,P02769
9619,0.79,1.03,1.15,1.02,931748.4,1214914.5,1357183.3,1204090.5,4707936.7,"['b1', 'b2', 'b3', 'b4', 'b5', 'b6', 'b7', 'b8', 'b9', 'y2', 'y3', 'y4', 'y5', 'y6', 'y7', 'y8', 'y9']",AWSVARLSQK,P02769
9742,0.85,1.06,1.14,0.95,703242.3,880990.2,948045.8,793449.4,3325727.6999999997,"['b1', 'b2', 'b3', 'b4', 'b5', 'b6', 'b7', 'b8', 'b9', 'y2', 'y3', 'y4', 'y5', 'y6', 'y7', 'y8', 'y9']",AWSVARLSQK,P02769
9505,0.78,1.03,1.2,0.99,440675.2,579736.3,677901.1,558749.9,2257062.5,"['b1', 'b2', 'b3', 'b4', 'b5', 'b6', 'b7', 'b8', 'b9', 'y2', 'y3', 'y4', 'y5', 'y6', 'y7', 'y8', 'y9']",AWSVARLSQK,P02769
9858,1.09,1.19,0.83,0.89,3429256.0,3759852.2,2633904.1,2813273.1,12636285.4,"['b1', 'b2', 'b3', 'b4', 'b5', 'b6', 'b7', 'b8', 'b9', 'y2', 'y3', 'y4', 'y5', 'y6', 'y7', 'y8', 'y9']",AWSVARLSQK,P02769
10102,1.14,1.18,0.88,0.81,693037.5,715654.3,533786.2,493344.8,2435822.8,"['b1', 'b2', 'b3', 'b4', 'b5', 'b6', 'b7', 'b8', 'b9', 'y2', 'y3', 'y4', 'y5', 'y6', 'y7', 'y8', 'y9']",AWSVARLSQK,P02769
9162,0.38,0.45,1.77,1.4,2570.4,3089.7,12091.4,9510.1,27261.6,"['b1', 'b2', 'b3', 'b4', 'b5', 'b6', 'b7', 'b8', 'b9', 'y2', 'y3', 'y4', 'y5', 'y6', 'y7', 'y8', 'y9']",AWSVARLSQK,P02769
9973,0.99,1.17,0.92,0.92,71616.7,84097.2,66621.2,66157.0,288492.1,"['b1', 'b2', 'b3', 'b4', 'b5', 'b6', 'b7', 'b8', 'b9', 'y2', 'y3', 'y4', 'y5', 'y6', 'y7', 'y8', 'y9']",AWSVARLSQK,P02769
12818,0.7,0.99,1.09,1.22,28828.8,40955.4,45042.8,50412.8,165239.8,"['b1', 'b2', 'y2']",GLVLIAFSQYLQQCPFDEHVK,P02769
13178,1.13,0.95,0.88,1.03,75086.0,63466.0,58815.3,68565.0,265932.3,"['b1', 'b2', 'y2']",GLVLIAFSQYLQQCPFDEHVK,P02769
13108,0.97,0.97,1.0,1.05,42891.2,42826.0,44331.6,46465.1,176513.9,"['b1', 'b2', 'y2']",GLVLIAFSQYLQQCPFDEHVK,P02769
8248,0.97,1.01,0.93,1.1,485445.1,506452.8,466093.7,549908.3,2007899.9,"['b1', 'b2', 'b3', 'b4', 'b5', 'b6', 'b7', 'y2', 'y3', 'y4', 'y5', 'y6', 'y7']",DLGEEHFK,P02769
8110,0.94,1.04,0.86,1.16,3267220.8,3637465.6,2984076.7,4041170.8,13929933.900000002,"['b1', 'b2', 'b3', 'b4', 'b5', 'b6', 'b7', 'y2', 'y3', 'y4', 'y5', 'y6', 'y7']",DLGEEHFK,P02769
8387,1.0,1.12,0.83,1.05,134670.5,150158.9,112328.4,141351.2,538509.0,"['b1', 'b2', 'b3', 'b4', 'b5', 'b6', 'b7', 'y2', 'y3', 'y4', 'y5', 'y6', 'y7']",DLGEEHFK,P02769
7963,0.93,0.96,0.98,1.13,9706637.1,10074941.8,10217535.2,11842445.8,41841559.9,"['b1', 'b2', 'b3', 'b4', 'b5', 'b6', 'b7', 'y2', 'y3', 'y4', 'y5', 'y6', 'y7']",DLGEEHFK,P02769
8673,1.12,1.07,0.72,1.09,32537.8,31325.5,20970.5,31834.2,116668.0,"['b1', 'b2', 'b3', 'b4', 'b5', 'b6', 'b7', 'y2', 'y3', 'y4', 'y5', 'y6', 'y7']",DLGEEHFK,P02769
8527,1.02,1.3,0.78,0.9,54838.5,70188.2,41916.3,48213.3,215156.3,"['b1', 'b2', 'b3', 'b4', 'b5', 'b6', 'b7', 'y2', 'y3', 'y4', 'y5', 'y6', 'y7']",DLGEEHFK,P02769
13003,0.99,1.23,0.99,0.79,329677.5,407672.0,329541.5,261580.9,1328471.9,"['b1', 'b2', 'b3', 'b4', 'b5', 'b6', 'b7', 'b8', 'b9', 'b10', 'b11', 'b3_1Met_oxida', 'b4_1Met_oxida', 'b5_1Met_oxida', 'b6_1Met_oxida', 'b7_1Met_oxida', 'b8_1Met_oxida', 'b9_1Met_oxida', 'b10_1Met_oxida', 'b11_1Met_oxida', 'y2', 'y3', 'y4', 'y5', 'y6', 'y7', 'y8', 'y9', 'y10', 'y11', 'y10_1Met_oxida', 'y11_1Met_oxida']",TVMENFVAFVDK,P02769
12770,0.74,1.12,1.39,0.75,114794.9,173330.9,215882.2,116758.8,620766.8,"['b1', 'b2', 'b3', 'b4', 'b5', 'b6', 'b7', 'b8', 'b9', 'b10', 'b11', 'b3_1Met_oxida', 'b4_1Met_oxida', 'b5_1Met_oxida', 'b6_1Met_oxida', 'b7_1Met_oxida', 'b8_1Met_oxida', 'b9_1Met_oxida', 'b10_1Met_oxida', 'b11_1Met_oxida', 'y2', 'y3', 'y4', 'y5', 'y6', 'y7', 'y8', 'y9', 'y10', 'y11', 'y10_1Met_oxida', 'y11_1Met_oxida']",TVMENFVAFVDK,P02769
13076,1.09,1.22,0.89,0.8,248761.7,278093.4,203007.6,183234.4,913097.1000000001,"['b1', 'b2', 'y2']",TVMENFVAFVDK,P02769
12845,0.76,1.14,1.32,0.78,96098.5,145244.8,168101.7,98725.1,508170.1,"['b1', 'b2', 'b3', 'b4', 'b5', 'b6', 'b7', 'b8', 'b9', 'b10', 'b11', 'b3_1Met_oxida', 'b4_1Met_oxida', 'b5_1Met_oxida', 'b6_1Met_oxida', 'b7_1Met_oxida', 'b8_1Met_oxida', 'b9_1Met_oxida', 'b10_1Met_oxida', 'b11_1Met_oxida', 'y2', 'y3', 'y4', 'y5', 'y6', 'y7', 'y8', 'y9', 'y10', 'y11', 'y10_1Met_oxida', 'y11_1Met_oxida']",TVMENFVAFVDK,P02769
12925,0.94,1.34,1.03,0.68,70288.4,100474.3,77292.8,51134.6,299190.1,"['b1', 'b2', 'b3', 'b4', 'b5', 'b6', 'b7', 'b8', 'b9', 'b10', 'b11', 'b3_1Met_oxida', 'b4_1Met_oxida', 'b5_1Met_oxida', 'b6_1Met_oxida', 'b7_1Met_oxida', 'b8_1Met_oxida', 'b9_1Met_oxida', 'b10_1Met_oxida', 'b11_1Met_oxida', 'y2', 'y3', 'y4', 'y5', 'y6', 'y7', 'y8', 'y9', 'y10', 'y11', 'y10_1Met_oxida', 'y11_1Met_oxida']",TVMENFVAFVDK,P02769
13636,1.03,1.52,1.45,0.0,8842.6,13125.5,12476.6,0.0,34444.7,"['b1', 'b2', 'y2']",TVMENFVAFVDK,P02769
10892,1.04,1.29,1.28,0.39,54974.1,67731.6,67262.8,20536.0,210504.5,"['b1', 'b2', 'y2']",SLHTLFGDELCK,P02769
11272,1.17,1.13,0.86,0.84,1615289.5,1563361.9,1187289.1,1162738.4,5528678.9,"['b1', 'b2', 'b3', 'b4', 'b5', 'b6', 'b7', 'b8', 'b9', 'b10', 'b11', 'y2', 'y3', 'y4', 'y5', 'y6', 'y7', 'y8', 'y9', 'y10', 'y11']",SLHTLFGDELCK,P02769
11364,1.3,1.22,0.65,0.83,263697.0,248708.7,132024.7,167929.4,812359.8,"['b1', 'b2', 'b3', 'b4', 'b5', 'b6', 'b7', 'b8', 'b9', 'b10', 'b11', 'y2', 'y3', 'y4', 'y5', 'y6', 'y7', 'y8', 'y9', 'y10', 'y11']",SLHTLFGDELCK,P02769
11174,1.53,1.28,0.54,0.65,2021543.5,1696880.6,719321.9,858860.2,5296606.2,"['b1', 'b2', 'b3', 'b4', 'b5', 'b6', 'b7', 'b8', 'b9', 'b10', 'b11', 'y2', 'y3', 'y4', 'y5', 'y6', 'y7', 'y8', 'y9', 'y10', 'y11']",SLHTLFGDELCK,P02769
10984,1.48,1.18,0.65,0.69,370387.1,295206.7,161783.0,172144.6,999521.4,"['b1', 'b2', 'b3', 'b4', 'b5', 'b6', 'b7', 'b8', 'b9', 'b10', 'b11', 'y2', 'y3', 'y4', 'y5', 'y6', 'y7', 'y8', 'y9', 'y10', 'y11']",SLHTLFGDELCK,P02769
11709,1.89,0.0,0.0,2.11,5149.5,0.0,0.0,5777.3,10926.8,"['b1', 'b2', 'y2']",SLHTLFGDELCK,P02769
14337,1.07,1.07,1.03,0.83,421438.0,418948.0,404960.0,327774.6,1573120.6,"['b1', 'b2', 'b3', 'b4', 'b5', 'b6', 'b7', 'b8', 'b9', 'b10', 'b11', 'b3_1Met_oxida', 'b4_1Met_oxida', 'b5_1Met_oxida', 'b6_1Met_oxida', 'b7_1Met_oxida', 'b8_1Met_oxida', 'b9_1Met_oxida', 'b10_1Met_oxida', 'b11_1Met_oxida', 'y2', 'y3', 'y4', 'y5', 'y6', 'y7', 'y8', 'y9', 'y10', 'y11', 'y10_1Met_oxida', 'y11_1Met_oxida']",TVMENFVAFVDK,P02769
14400,1.1,1.04,1.0,0.85,360968.7,342464.2,329190.1,280488.9,1313111.9,"['b1', 'b2', 'b3', 'b4', 'b5', 'b6', 'b7', 'b8', 'b9', 'b10', 'b11', 'b3_1Met_oxida', 'b4_1Met_oxida', 'b5_1Met_oxida', 'b6_1Met_oxida', 'b7_1Met_oxida', 'b8_1Met_oxida', 'b9_1Met_oxida', 'b10_1Met_oxida', 'b11_1Met_oxida', 'y2', 'y3', 'y4', 'y5', 'y6', 'y7', 'y8', 'y9', 'y10', 'y11', 'y10_1Met_oxida', 'y11_1Met_oxida']",TVMENFVAFVDK,P02769
14463,1.03,0.91,1.29,0.76,56388.0,49922.6,70501.5,41729.7,218541.8,"['b1', 'b2', 'b3', 'b4', 'b5', 'b6', 'b7', 'b8', 'b9', 'b10', 'b11', 'b3_1Met_oxida', 'b4_1Met_oxida', 'b5_1Met_oxida', 'b6_1Met_oxida', 'b7_1Met_oxida', 'b8_1Met_oxida', 'b9_1Met_oxida', 'b10_1Met_oxida', 'b11_1Met_oxida', 'y2', 'y3', 'y4', 'y5', 'y6', 'y7', 'y8', 'y9', 'y10', 'y11', 'y10_1Met_oxida', 'y11_1Met_oxida']",TVMENFVAFVDK,P02769
14058,0.73,1.0,1.23,1.04,128559.2,175704.2,216289.4,182511.9,703064.7000000001,"['b1', 'b2', 'y2']",TVMENFVAFVDK,P02769
14124,0.71,0.97,1.37,0.95,25027.2,34023.2,48302.0,33264.4,140616.8,"['b1', 'b2', 'b3', 'b4', 'b5', 'b6', 'b7', 'b8', 'b9', 'b10', 'b11', 'b3_1Met_oxida', 'b4_1Met_oxida', 'b5_1Met_oxida', 'b6_1Met_oxida', 'b7_1Met_oxida', 'b8_1Met_oxida', 'b9_1Met_oxida', 'b10_1Met_oxida', 'b11_1Met_oxida', 'y2', 'y3', 'y4', 'y5', 'y6', 'y7', 'y8', 'y9', 'y10', 'y11', 'y10_1Met_oxida', 'y11_1Met_oxida']",TVMENFVAFVDK,P02769
9577,1.13,1.09,1.02,0.76,325150.7,313800.3,294597.4,217241.1,1150789.5,"['b1', 'b2', 'y2']",DDSPDLPK,P02769
9956,1.07,1.12,0.9,0.92,151468.6,159118.6,127529.5,130054.6,568171.3,"['b1', 'b2', 'b3', 'b4', 'b5', 'b6', 'b7', 'y2', 'y3', 'y4', 'y5', 'y6', 'y7']",DDSPDLPK,P02769
9841,0.95,1.18,0.94,0.93,351162.0,434449.5,348478.5,344191.5,1478281.5,"['b1', 'b2', 'b3', 'b4', 'b5', 'b6', 'b7', 'y2', 'y3', 'y4', 'y5', 'y6', 'y7']",DDSPDLPK,P02769
9725,1.01,1.15,0.87,0.97,1786176.9,2024834.2,1532212.3,1700408.1,7043631.5,"['b1', 'b2', 'b3', 'b4', 'b5', 'b6', 'b7', 'y2', 'y3', 'y4', 'y5', 'y6', 'y7']",DDSPDLPK,P02769
9604,0.92,1.15,0.92,1.0,10223591.6,12810537.6,10256057.9,11151530.7,44441717.8,"['b1', 'b2', 'b3', 'b4', 'b5', 'b6', 'b7', 'y2', 'y3', 'y4', 'y5', 'y6', 'y7']",DDSPDLPK,P02769
10202,0.95,1.46,0.84,0.74,492659.5,760462.8,438682.7,385177.9,2076982.9,"['b1', 'b2', 'b3', 'b4', 'b5', 'b6', 'b7', 'b8', 'b9', 'b10', 'b11', 'y2', 'y3', 'y4', 'y5', 'y6', 'y7', 'y8', 'y9', 'y10', 'y11']",YICDNQDTISSK,P02769
9950,1.22,1.56,0.54,0.68,1082691.3,1381405.3,476724.4,605954.1,3546775.1,"['b1', 'b2', 'b3', 'b4', 'b5', 'b6', 'b7', 'b8', 'b9', 'b10', 'b11', 'y2', 'y3', 'y4', 'y5', 'y6', 'y7', 'y8', 'y9', 'y10', 'y11']",YICDNQDTISSK,P02769
10075,1.08,1.51,0.68,0.73,1222263.8,1699134.6,761622.3,826542.1,4509562.8,"['b1', 'b2', 'b3', 'b4', 'b5', 'b6', 'b7', 'b8', 'b9', 'b10', 'b11', 'y2', 'y3', 'y4', 'y5', 'y6', 'y7', 'y8', 'y9', 'y10', 'y11']",YICDNQDTISSK,P02769
11413,1.24,1.13,0.76,0.86,8031336.3,7338032.6,4926955.3,5582425.6,25878749.799999997,"['b1', 'b2', 'b3', 'b4', 'b5', 'b6', 'y2', 'y3', 'y4', 'y5', 'y6']",GACLLPK,P02769
11309,1.24,1.11,0.75,0.9,60772.2,54609.4,36792.0,44167.0,196340.6,"['b1', 'b2', 'b3', 'b4', 'b5', 'b6', 'y2', 'y3', 'y4', 'y5', 'y6']",GACLLPK,P02769
11520,1.22,1.1,0.85,0.83,94509.1,85508.5,65753.4,64130.2,309901.2,"['b1', 'b2', 'b3', 'b4', 'b5', 'b6', 'y2', 'y3', 'y4', 'y5', 'y6']",GACLLPK,P02769
11661,1.26,1.05,0.8,0.89,111037.8,91814.1,70150.9,78401.5,351404.30000000005,"['b1', 'b2', 'b3', 'b4', 'b5', 'b6', 'y2', 'y3', 'y4', 'y5', 'y6']",GACLLPK,P02769
14050,0.91,0.85,1.18,1.06,1166070.2,1095543.2,1514175.6,1369797.9,5145586.9,"['b1', 'b2', 'b3', 'b4', 'b5', 'b6', 'b7', 'b8', 'b9', 'y2', 'y3', 'y4', 'y5', 'y6', 'y7', 'y8', 'y9']",LVNELTEFAK,P02769
13983,0.8,0.83,1.32,1.05,103118.1,106351.0,169888.1,135143.5,514500.7,"['b1', 'b2', 'b3', 'b4', 'b5', 'b6', 'b7', 'b8', 'b9', 'y2', 'y3', 'y4', 'y5', 'y6', 'y7', 'y8', 'y9']",LVNELTEFAK,P02769
13919,1.0,0.94,1.14,0.92,41385.7,38684.1,46948.2,38207.1,165225.09999999998,"['b1', 'b2', 'b3', 'b4', 'b5', 'b6', 'b7', 'b8', 'b9', 'y2', 'y3', 'y4', 'y5', 'y6', 'y7', 'y8', 'y9']",LVNELTEFAK,P02769
14116,0.87,0.91,1.3,0.91,457308.7,478363.0,682013.4,478714.9,2096400.0,"['b1', 'b2', 'b3', 'b4', 'b5', 'b6', 'b7', 'b8', 'b9', 'y2', 'y3', 'y4', 'y5', 'y6', 'y7', 'y8', 'y9']",LVNELTEFAK,P02769
13784,0.41,0.93,1.43,1.24,15913.2,36216.9,55691.4,48354.1,156175.6,"['b1', 'b2', 'b3', 'b4', 'b5', 'b6', 'b7', 'b8', 'b9', 'y2', 'y3', 'y4', 'y5', 'y6', 'y7', 'y8', 'y9']",LVNELTEFAK,P02769
13642,1.03,0.97,1.1,0.9,53094.0,49845.5,56776.4,46503.3,206219.2,"['b1', 'b2', 'b3', 'b4', 'b5', 'b6', 'b7', 'b8', 'b9', 'y2', 'y3', 'y4', 'y5', 'y6', 'y7', 'y8', 'y9']",LVNELTEFAK,P02769
13712,0.58,0.88,1.37,1.17,43698.7,67082.7,103777.6,89193.7,303752.7,"['b1', 'b2', 'b3', 'b4', 'b5', 'b6', 'b7', 'b8', 'b9', 'y2', 'y3', 'y4', 'y5', 'y6', 'y7', 'y8', 'y9']",LVNELTEFAK,P02769
11610,1.04,1.15,0.92,0.89,5032562.6,5558604.6,4466296.8,4291980.0,19349444.0,"['b1', 'b2', 'b3', 'b4', 'b5', 'b6', 'b7', 'y2', 'y3', 'y4', 'y5', 'y6', 'y7']",AEFVEVTK,P02769
11696,0.99,1.13,0.92,0.96,364346.3,415807.6,336677.7,350774.5,1467606.0999999999,"['b1', 'b2', 'b3', 'b4', 'b5', 'b6', 'b7', 'y2', 'y3', 'y4', 'y5', 'y6', 'y7']",AEFVEVTK,P02769
11609,1.03,1.05,0.96,0.97,8227645.4,8389421.2,7675671.7,7743516.0,32036254.3,"['b1', 'b2', 'y2']",AEFVEVTK,P02769
11780,1.07,1.17,0.87,0.89,261167.6,286776.5,212792.6,216266.0,977002.7,"['b1', 'b2', 'b3', 'b4', 'b5', 'b6', 'b7', 'y2', 'y3', 'y4', 'y5', 'y6', 'y7']",AEFVEVTK,P02769
11514,0.96,1.06,0.97,1.01,4670170.4,5150891.5,4696698.4,4931662.9,19449423.200000003,"['b1', 'b2', 'b3', 'b4', 'b5', 'b6', 'b7', 'y2', 'y3', 'y4', 'y5', 'y6', 'y7']",AEFVEVTK,P02769
7252,1.09,0.97,0.87,1.07,278875.4,249947.4,222619.8,274377.1,1025819.7000000001,"['b1', 'b2', 'b3', 'b4', 'b5', 'b6', 'b4_1Met_oxida', 'b5_1Met_oxida', 'b6_1Met_oxida', 'y2', 'y3', 'y4', 'y5', 'y6', 'y4_1Met_oxida', 'y5_1Met_oxida', 'y6_1Met_oxida']",IETMREK,P02769
7124,0.59,0.75,1.33,1.33,14907.9,18942.8,33567.3,33569.7,100987.7,"['b1', 'b2', 'b3', 'b4', 'b5', 'b6', 'b4_1Met_oxida', 'b5_1Met_oxida', 'b6_1Met_oxida', 'y2', 'y3', 'y4', 'y5', 'y6', 'y4_1Met_oxida', 'y5_1Met_oxida', 'y6_1Met_oxida']",IETMREK,P02769
7386,0.96,0.9,0.92,1.21,7300946.1,6827283.0,6996312.9,9162643.4,30287185.4,"['b1', 'b2', 'b3', 'b4', 'b5', 'b6', 'b4_1Met_oxida', 'b5_1Met_oxida', 'b6_1Met_oxida', 'y2', 'y3', 'y4', 'y5', 'y6', 'y4_1Met_oxida', 'y5_1Met_oxida', 'y6_1Met_oxida']",IETMREK,P02769
7661,0.96,0.91,0.9,1.23,11339541.4,10699092.4,10623175.1,14575114.5,47236923.4,"['b1', 'b2', 'b3', 'b4', 'b5', 'b6', 'b4_1Met_oxida', 'b5_1Met_oxida', 'b6_1Met_oxida', 'y2', 'y3', 'y4', 'y5', 'y6', 'y4_1Met_oxida', 'y5_1Met_oxida', 'y6_1Met_oxida']",IETMREK,P02769
7943,1.01,0.91,0.92,1.16,249855.8,223650.9,226483.6,286850.9,986841.2,"['b1', 'b2', 'b3', 'b4', 'b5', 'b6', 'b4_1Met_oxida', 'b5_1Met_oxida', 'b6_1Met_oxida', 'y2', 'y3', 'y4', 'y5', 'y6', 'y4_1Met_oxida', 'y5_1Met_oxida', 'y6_1Met_oxida']",IETMREK,P02769
8476,1.05,1.01,0.8,1.14,24400.0,23451.5,18699.2,26566.4,93117.1,"['b1', 'b2', 'b3', 'b4', 'b5', 'b6', 'b4_1Met_oxida', 'b5_1Met_oxida', 'b6_1Met_oxida', 'y2', 'y3', 'y4', 'y5', 'y6', 'y4_1Met_oxida', 'y5_1Met_oxida', 'y6_1Met_oxida']",IETMREK,P02769
9529,1.13,1.06,0.96,0.85,8626.1,8100.9,7333.2,6480.7,30540.9,"['b1', 'b2', 'b3', 'b4', 'b5', 'b6', 'y2', 'y3', 'y4', 'y5', 'y6']",ATEEQLK,P02769
9115,1.13,1.13,0.81,0.93,84552.1,84503.4,60980.1,69329.9,299365.5,"['b1', 'b2', 'b3', 'b4', 'b5', 'b6', 'y2', 'y3', 'y4', 'y5', 'y6']",ATEEQLK,P02769
9647,0.73,1.49,0.86,0.92,3339.4,6828.1,3944.7,4218.1,18330.300000000003,"['b1', 'b2', 'b3', 'b4', 'b5', 'b6', 'y2', 'y3', 'y4', 'y5', 'y6']",ATEEQLK,P02769
6527,0.99,0.96,1.01,1.04,149464.5,144662.9,153172.7,158061.8,605361.9,"['b1', 'b2', 'b3', 'b4', 'b5', 'b6', 'b4_1Met_oxida', 'b5_1Met_oxida', 'b6_1Met_oxida', 'y2', 'y3', 'y4', 'y5', 'y6', 'y4_1Met_oxida', 'y5_1Met_oxida', 'y6_1Met_oxida']",IETMREK,P02769
5584,0.75,0.96,1.3,0.98,22809.4,29007.7,39491.6,29775.8,121084.50000000001,"['b1', 'b2', 'b3', 'b4', 'b5', 'b6', 'b4_1Met_oxida', 'b5_1Met_oxida', 'b6_1Met_oxida', 'y2', 'y3', 'y4', 'y5', 'y6', 'y4_1Met_oxida', 'y5_1Met_oxida', 'y6_1Met_oxida']",IETMREK,P02769
6653,1.05,0.99,1.0,0.96,91354.6,85967.9,86750.0,82945.0,347017.5,"['b1', 'b2', 'b3', 'b4', 'b5', 'b6', 'b4_1Met_oxida', 'b5_1Met_oxida', 'b6_1Met_oxida', 'y2', 'y3', 'y4', 'y5', 'y6', 'y4_1Met_oxida', 'y5_1Met_oxida', 'y6_1Met_oxida']",IETMREK,P02769
6120,0.97,1.0,1.02,1.02,259429.1,266458.4,273224.9,271791.2,1070903.6,"['b1', 'b2', 'b3', 'b4', 'b5', 'b6', 'b4_1Met_oxida', 'b5_1Met_oxida', 'b6_1Met_oxida', 'y2', 'y3', 'y4', 'y5', 'y6', 'y4_1Met_oxida', 'y5_1Met_oxida', 'y6_1Met_oxida']",IETMREK,P02769
6259,0.96,1.0,1.1,0.94,191258.1,197566.4,217847.4,186855.8,793527.7,"['b1', 'b2', 'b3', 'b4', 'b5', 'b6', 'b4_1Met_oxida', 'b5_1Met_oxida', 'b6_1Met_oxida', 'y2', 'y3', 'y4', 'y5', 'y6', 'y4_1Met_oxida', 'y5_1Met_oxida', 'y6_1Met_oxida']",IETMREK,P02769
5847,0.75,1.13,1.09,1.02,139866.8,210651.2,202534.4,189905.0,742957.4,"['b1', 'b2', 'b3', 'b4', 'b5', 'b6', 'b4_1Met_oxida', 'b5_1Met_oxida', 'b6_1Met_oxida', 'y2', 'y3', 'y4', 'y5', 'y6', 'y4_1Met_oxida', 'y5_1Met_oxida', 'y6_1Met_oxida']",IETMREK,P02769
6941,1.18,0.99,0.84,0.99,47673.1,40065.7,34144.9,40340.2,162223.89999999997,"['b1', 'b2', 'b3', 'b4', 'b5', 'b6', 'b4_1Met_oxida', 'b5_1Met_oxida', 'b6_1Met_oxida', 'y2', 'y3', 'y4', 'y5', 'y6', 'y4_1Met_oxida', 'y5_1Met_oxida', 'y6_1Met_oxida']",IETMREK,P02769
5717,0.96,1.08,1.0,0.96,4261675.3,4824975.1,4459932.2,4301354.7,17847937.299999997,"['b1', 'b2', 'b3', 'b4', 'b5', 'b6', 'b4_1Met_oxida', 'b5_1Met_oxida', 'b6_1Met_oxida', 'y2', 'y3', 'y4', 'y5', 'y6', 'y4_1Met_oxida', 'y5_1Met_oxida', 'y6_1Met_oxida']",IETMREK,P02769
8822,1.06,1.48,1.33,0.13,21289.9,29801.8,26679.2,2565.8,80336.7,"['b1', 'b2', 'b3', 'b4', 'b5', 'b6', 'b7', 'y2', 'y3', 'y4', 'y5', 'y6', 'y7']",QNCDQFEK,P02769
8680,0.98,1.37,1.33,0.32,295030.8,410596.4,398973.5,94766.8,1199367.5,"['b1', 'b2', 'b3', 'b4', 'b5', 'b6', 'b7', 'y2', 'y3', 'y4', 'y5', 'y6', 'y7']",QNCDQFEK,P02769
5656,1.19,1.31,0.6,0.89,52404.0,57843.2,26570.4,39157.4,175975.0,"['b1', 'b2', 'y2']",TCVADESHAGCEK,P02769
5408,1.45,1.36,0.47,0.72,633385.0,595880.3,208026.0,315420.5,1752711.8,"['b1', 'b2', 'b3', 'b4', 'b5', 'b6', 'b7', 'b8', 'b9', 'b10', 'b11', 'b12', 'y2', 'y3', 'y4', 'y5', 'y6', 'y7', 'y8', 'y9', 'y10', 'y11', 'y12']",TCVADESHAGCEK,P02769
8664,0.97,1.26,0.86,0.91,234794.0,305440.5,209071.1,220849.8,970155.3999999999,"['b1', 'b2', 'b3', 'b4', 'b5', 'b6', 'y2', 'y3', 'y4', 'y5', 'y6']",FGERALK,P02769
8516,1.01,1.05,1.0,0.94,5520952.8,5715058.3,5434190.2,5091272.1,21761473.4,"['b1', 'b2', 'b3', 'b4', 'b5', 'b6', 'y2', 'y3', 'y4', 'y5', 'y6']",FGERALK,P02769
8241,1.02,1.02,1.09,0.87,32717.6,32900.0,34853.0,28015.1,128485.70000000001,"['b1', 'b2', 'b3', 'b4', 'b5', 'b6', 'y2', 'y3', 'y4', 'y5', 'y6']",FGERALK,P02769
8380,1.01,1.31,0.85,0.83,142362.0,184953.8,120033.2,116379.1,563728.1,"['b1', 'b2', 'b3', 'b4', 'b5', 'b6', 'y2', 'y3', 'y4', 'y5', 'y6']",FGERALK,P02769
7010,1.3,1.27,0.59,0.84,35763.3,34840.5,16265.4,22928.6,109797.79999999999,"['b1', 'b2', 'b3', 'b4', 'b5', 'b6', 'b7', 'b8', 'y2', 'y3', 'y4', 'y5', 'y6', 'y7', 'y8']",SHCIAEVEK,P02769
13801,0.83,0.89,0.89,1.4,192904.9,206266.1,206911.8,325562.6,931645.4,"['b1', 'b2', 'b3', 'b4', 'b5', 'b6', 'b7', 'b8', 'y2', 'y3', 'y4', 'y5', 'y6', 'y7', 'y8']",QTALVELLK,P02769
13659,0.88,1.02,0.83,1.27,58096.5,68005.2,54902.0,84570.5,265574.2,"['b1', 'b2', 'b3', 'b4', 'b5', 'b6', 'b7', 'b8', 'y2', 'y3', 'y4', 'y5', 'y6', 'y7', 'y8']",QTALVELLK,P02769
13460,0.37,0.83,1.08,1.72,16923.7,37630.5,49434.8,78351.2,182340.2,"['b1', 'b2', 'b3', 'b4', 'b5', 'b6', 'b7', 'b8', 'y2', 'y3', 'y4', 'y5', 'y6', 'y7', 'y8']",QTALVELLK,P02769
13733,1.0,1.15,0.97,0.88,1893105.1,2175358.6,1842042.7,1665824.5,7576330.9,"['b1', 'b2', 'b3', 'b4', 'b5', 'b6', 'b7', 'b8', 'y2', 'y3', 'y4', 'y5', 'y6', 'y7', 'y8']",QTALVELLK,P02769
13394,0.58,0.73,1.04,1.65,22142.2,28107.3,39997.3,63497.2,153744.0,"['b1', 'b2', 'b3', 'b4', 'b5', 'b6', 'b7', 'b8', 'y2', 'y3', 'y4', 'y5', 'y6', 'y7', 'y8']",QTALVELLK,P02769
7368,1.04,1.37,0.67,0.92,20397.0,26997.8,13237.3,18148.0,78780.1,"['b1', 'b2', 'b3', 'b4', 'b5', 'b6', 'b7', 'y2', 'y3', 'y4', 'y5', 'y6', 'y7', 'y4_2charge', 'y5_2charge', 'y6_2charge', 'y7_2charge']",SEIAHRFK,P02769
8817,1.17,1.12,0.51,1.19,16736.0,16035.8,7265.4,16980.8,57018.0,"['b1', 'b2', 'b3', 'b4', 'b5', 'b6', 'b7', 'y2', 'y3', 'y4', 'y5', 'y6', 'y7']",DLGEEHFK,P02769
8942,2.34,1.07,0.0,0.6,27669.1,12618.5,0.0,7053.6,47341.2,"['b1', 'b2', 'b3', 'b4', 'b5', 'b6', 'b7', 'y2', 'y3', 'y4', 'y5', 'y6', 'y7']",DLGEEHFK,P02769
5282,1.52,1.34,0.46,0.68,1000268.4,882161.0,299553.8,443426.8,2625409.9999999995,"['b1', 'b2', 'b3', 'b4', 'b5', 'b6', 'b7', 'b8', 'b9', 'b10', 'b11', 'b12', 'y2', 'y3', 'y4', 'y5', 'y6', 'y7', 'y8', 'y9', 'y10', 'y11', 'y12']",TCVADESHAGCEK,P02769
5534,1.38,1.43,0.47,0.72,356148.1,370763.6,122072.1,185601.6,1034585.3999999999,"['b1', 'b2', 'b3', 'b4', 'b5', 'b6', 'b7', 'b8', 'b9', 'b10', 'b11', 'b12', 'y2', 'y3', 'y4', 'y5', 'y6', 'y7', 'y8', 'y9', 'y10', 'y11', 'y12']",TCVADESHAGCEK,P02769
9490,0.84,1.1,1.08,0.98,106342.1,138679.1,136442.1,124100.2,505563.50000000006,"['b1', 'b2', 'b3', 'b4', 'b5', 'b6', 'b7', 'y2', 'y3', 'y4', 'y5', 'y6', 'y7']",DDSPDLPK,P02769
11866,1.14,1.08,0.94,0.83,81608.7,77397.9,66928.0,59414.6,285349.19999999995,"['b1', 'b2', 'b3', 'b4', 'b5', 'b6', 'b7', 'y2', 'y3', 'y4', 'y5', 'y6', 'y7']",AEFVEVTK,P02769
12361,0.65,1.18,1.27,0.9,13064.9,23548.6,25430.6,17973.3,80017.4,"['b1', 'b2', 'b3', 'b4', 'b5', 'b6', 'b7', 'y2', 'y3', 'y4', 'y5', 'y6', 'y7']",AEFVEVTK,P02769
6222,1.76,1.02,0.63,0.59,430287.9,251012.5,153533.2,145463.4,980297.0000000001,"['b1', 'b2', 'b3', 'b4', 'b5', 'b6', 'b7', 'b8', 'b9', 'b10', 'b11', 'b12', 'y2', 'y3', 'y4', 'y5', 'y6', 'y7', 'y8', 'y9', 'y10', 'y11', 'y12', 'y9_2charge', 'y10_2charge', 'y11_2charge', 'y12_2charge']",QEPERNECFLSHK,P02769
7801,0.94,0.99,0.87,1.2,357665.9,376729.6,333394.9,459955.2,1527745.5999999999,"['b1', 'b2', 'b3', 'b4', 'b5', 'b6', 'b4_1Met_oxida', 'b5_1Met_oxida', 'b6_1Met_oxida', 'y2', 'y3', 'y4', 'y5', 'y6', 'y4_1Met_oxida', 'y5_1Met_oxida', 'y6_1Met_oxida']",IETMREK,P02769
7525,0.89,0.94,0.93,1.23,356808.9,376604.6,373487.2,494092.3,1600993.0,"['b1', 'b2', 'b3', 'b4', 'b5', 'b6', 'b4_1Met_oxida', 'b5_1Met_oxida', 'b6_1Met_oxida', 'y2', 'y3', 'y4', 'y5', 'y6', 'y4_1Met_oxida', 'y5_1Met_oxida', 'y6_1Met_oxida']",IETMREK,P02769
8092,0.97,0.93,0.92,1.17,71459.8,68296.3,67673.6,85797.8,293227.5,"['b1', 'b2', 'b3', 'b4', 'b5', 'b6', 'b4_1Met_oxida', 'b5_1Met_oxida', 'b6_1Met_oxida', 'y2', 'y3', 'y4', 'y5', 'y6', 'y4_1Met_oxida', 'y5_1Met_oxida', 'y6_1Met_oxida']",IETMREK,P02769
6984,1.15,0.94,0.75,1.17,41357.7,33814.5,27006.3,42299.6,144478.1,"['b1', 'b2', 'b3', 'b4', 'b5', 'b6', 'b4_1Met_oxida', 'b5_1Met_oxida', 'b6_1Met_oxida', 'y2', 'y3', 'y4', 'y5', 'y6', 'y4_1Met_oxida', 'y5_1Met_oxida', 'y6_1Met_oxida']",IETMREK,P02769
5981,0.91,1.11,0.96,1.01,2629974.6,3211283.6,2773530.5,2922868.4,11537657.1,"['b1', 'b2', 'b3', 'b4', 'b5', 'b6', 'b4_1Met_oxida', 'b5_1Met_oxida', 'b6_1Met_oxida', 'y2', 'y3', 'y4', 'y5', 'y6', 'y4_1Met_oxida', 'y5_1Met_oxida', 'y6_1Met_oxida']",IETMREK,P02769
7076,0.97,0.87,1.13,1.03,34183.0,30675.0,39884.4,36178.7,140921.09999999998,"['b1', 'b2', 'b3', 'b4', 'b5', 'b6', 'b4_1Met_oxida', 'b5_1Met_oxida', 'b6_1Met_oxida', 'y2', 'y3', 'y4', 'y5', 'y6', 'y4_1Met_oxida', 'y5_1Met_oxida', 'y6_1Met_oxida']",IETMREK,P02769
6399,1.07,0.9,0.93,1.1,215718.3,182181.0,188505.1,222182.1,808586.5,"['b1', 'b2', 'b3', 'b4', 'b5', 'b6', 'b4_1Met_oxida', 'b5_1Met_oxida', 'b6_1Met_oxida', 'y2', 'y3', 'y4', 'y5', 'y6', 'y4_1Met_oxida', 'y5_1Met_oxida', 'y6_1Met_oxida']",IETMREK,P02769
6795,1.04,1.01,0.92,1.03,55692.4,53752.7,49025.3,54879.8,213350.2,"['b1', 'b2', 'b3', 'b4', 'b5', 'b6', 'b4_1Met_oxida', 'b5_1Met_oxida', 'b6_1Met_oxida', 'y2', 'y3', 'y4', 'y5', 'y6', 'y4_1Met_oxida', 'y5_1Met_oxida', 'y6_1Met_oxida']",IETMREK,P02769
10269,1.86,1.0,0.2,0.94,420943.2,225792.3,44782.7,213040.0,904558.2,"['b1', 'b2', 'b3', 'b4', 'b5', 'b6', 'b7', 'b8', 'b9', 'b10', 'b11', 'y2', 'y3', 'y4', 'y5', 'y6', 'y7', 'y8', 'y9', 'y10', 'y11']",EYEATLEECCAK,P02769
12233,0.75,1.41,0.98,0.86,29429.2,55365.3,38243.0,33698.3,156735.8,"['b1', 'b2', 'b3', 'b4', 'b5', 'b6', 'y2', 'y3', 'y4', 'y5', 'y6']",LVTDLTK,P02769
11073,1.82,0.62,0.54,1.02,40483.5,13889.7,11993.7,22845.2,89212.09999999999,"['b1', 'b2', 'b3', 'b4', 'b5', 'b6', 'b7', 'b8', 'b9', 'b10', 'b11', 'y2', 'y3', 'y4', 'y5', 'y6', 'y7', 'y8', 'y9', 'y10', 'y11']",SLHTLFGDELCK,P02769
9409,2.08,1.3,0.0,0.62,47303.9,29653.5,0.0,13986.9,90944.29999999999,"['b1', 'b2', 'y2']",VASLRETYGDMADCCEK,P02769
9396,1.83,1.31,0.34,0.53,133786.4,95872.9,24559.2,38871.3,293089.8,"['b1', 'b2', 'y2']",VASLRETYGDMADCCEK,P02769
7182,2.83,1.17,0.0,0.0,6263.2,2593.3,0.0,0.0,8856.5,"['b1', 'b2', 'b3', 'b4', 'b5', 'b6', 'b7', 'b8', 'y2', 'y3', 'y4', 'y5', 'y6', 'y7', 'y8']",SHCIAEVEK,P02769
7818,1.74,0.48,0.91,0.87,35183.1,9612.5,18407.1,17540.9,80743.6,"['b1', 'b2', 'b3', 'b4', 'b5', 'b6', 'b7', 'y2', 'y3', 'y4', 'y5', 'y6', 'y7']",DLGEEHFK,P02769
7429,1.56,1.08,0.0,1.36,15636.5,10879.5,0.0,13616.6,40132.6,"['b1', 'b2', 'y2']",ECCHGDLLECADDRADLAK,P02769
11408,0.94,1.01,1.0,1.05,84864.7,92074.8,90881.7,95188.1,363009.30000000005,"['b1', 'b2', 'b3', 'b4', 'b5', 'b6', 'b7', 'y2', 'y3', 'y4', 'y5', 'y6', 'y7']",AEFVEVTK,P02769
10162,1.76,1.21,0.39,0.64,342800.4,235326.9,76297.1,125094.6,779519.0,"['b1', 'b2', 'y2']",EYEATLEECCAK,P02769
10029,1.91,0.91,0.0,1.18,32246.8,15376.1,0.0,19867.6,67490.5,"['b1', 'b2', 'b3', 'b4', 'b5', 'b6', 'b7', 'b8', 'b9', 'b10', 'b11', 'y2', 'y3', 'y4', 'y5', 'y6', 'y7', 'y8', 'y9', 'y10', 'y11']",EYEATLEECCAK,P02769
9075,3.11,0.89,0.0,0.0,34784.2,9905.3,0.0,0.0,44689.5,"['b1', 'b2', 'b3', 'b4', 'b5', 'b6', 'b7', 'b8', 'b9', 'b10', 'b11', 'b12', 'y2', 'y3', 'y4', 'y5', 'y6', 'y7', 'y8', 'y9', 'y10', 'y11', 'y12']",DDPHACYSTVFDK,P02769
8325,1.57,1.51,0.38,0.54,114157.2,109661.0,27393.1,39332.5,290543.80000000005,"['b1', 'b2', 'y2']",VASLRETYGDMADCCEK,P02769
10791,1.12,1.06,0.86,0.97,5531.6,5224.6,4254.9,4795.4,19806.5,"['b1', 'b2', 'y2']",SLHTLFGDELCK,P02769
